cell_id,method,score,prediction,runtime_seconds
AAACGCTGAAGATG-1,Scrublet,0.1549815498154982,singlet,0.9760100999847054
AAAGATCTGCGTTA-1,Scrublet,0.10284035259549462,singlet,0.9760100999847054
AAAGCCTGTCACGA-1,Scrublet,0.07200748129675809,singlet,0.9760100999847054
AAATACTGACACAC-1,Scrublet,0.10284035259549462,singlet,0.9760100999847054
AAATCAACCTCCAC-1,Scrublet,0.07200748129675809,singlet,0.9760100999847054
AAATCAACTCAGGT-1,Scrublet,0.08078273958855996,singlet,0.9760100999847054
AAATGGGAGAATCC-1,Scrublet,0.08078273958855996,singlet,0.9760100999847054
AAATGTTGCTGAAC-1,Scrublet,0.05163711660411543,singlet,0.9760100999847054
AACAATACTCGATG-1,Scrublet,0.10284035259549462,singlet,0.9760100999847054
AACACTCTTAGCCA-1,Scrublet,0.6092150170648465,doublet,0.9760100999847054
AACAGCACCGTGTA-1,Scrublet,0.05163711660411543,singlet,0.9760100999847054
AACATATGTCGTGA-1,Scrublet,0.13401087213424728,singlet,0.9760100999847054
AACATTGATCCTGC-1,Scrublet,0.13401087213424728,singlet,0.9760100999847054
AACCCAGAGACTAC-1,Scrublet,0.046300832925036735,singlet,0.9760100999847054
AACCGATGAAAACG-1,Scrublet,0.06435137895812053,singlet,0.9760100999847054
AACCGCCTATTCGG-1,Scrublet,0.1549815498154982,singlet,0.9760100999847054
AACCGCCTGTATGC-1,Scrublet,0.0909418982316853,singlet,0.9760100999847054
AACGCATGTGAGAA-1,Scrublet,0.0909418982316853,singlet,0.9760100999847054
AACGGTTGAATCGC-1,Scrublet,0.10284035259549462,singlet,0.9760100999847054
AACGTGTGCGTTGA-1,Scrublet,0.0909418982316853,singlet,0.9760100999847054
AACTACCTAGAGGC-1,Scrublet,0.0909418982316853,singlet,0.9760100999847054
AACTCGGAGCGATT-1,Scrublet,0.1549815498154982,singlet,0.9760100999847054
AACTCTTGATGACC-1,Scrublet,0.07200748129675809,singlet,0.9760100999847054
AAGAAGACTTTACC-1,Scrublet,0.05163711660411543,singlet,0.9760100999847054
AAGCGACTAAAAGC-1,Scrublet,0.0909418982316853,singlet,0.9760100999847054
AAGTCCGAAATCGC-1,Scrublet,0.0909418982316853,singlet,0.9760100999847054
AAGTCCGAAGAACA-1,Scrublet,0.05163711660411543,singlet,0.9760100999847054
AAGTTCCTCAAGCT-1,Scrublet,0.04150680153470527,singlet,0.9760100999847054
AATACCCTGTACAC-1,Scrublet,0.10284035259549462,singlet,0.9760100999847054
AATAGGGATTCATC-1,Scrublet,0.08078273958855996,singlet,0.9760100999847054
AATCCGGATGTAGC-1,Scrublet,0.05163711660411543,singlet,0.9760100999847054
AATCCTACCCCTCA-1,Scrublet,0.0909418982316853,singlet,0.9760100999847054
AATCGGTGAGTACC-1,Scrublet,0.2621828433346756,singlet,0.9760100999847054
AATCTAGAAGTCTG-1,Scrublet,0.0909418982316853,singlet,0.9760100999847054
AATGCGTGAAGGGC-1,Scrublet,0.10284035259549462,singlet,0.9760100999847054
AATGCGTGTGGTTG-1,Scrublet,0.08078273958855996,singlet,0.9760100999847054
AATGTAACATCGTG-1,Scrublet,0.11696658097686374,singlet,0.9760100999847054
AATGTTGAAGCTCA-1,Scrublet,0.04150680153470527,singlet,0.9760100999847054
AATGTTGACTGCTC-1,Scrublet,0.05163711660411543,singlet,0.9760100999847054
AATTACGACGAATC-1,Scrublet,0.10284035259549462,singlet,0.9760100999847054
AATTGTGATGTCGA-1,Scrublet,0.07200748129675809,singlet,0.9760100999847054
ACAAGAGAACGACT-1,Scrublet,0.06435137895812053,singlet,0.9760100999847054
ACAAGAGAGCATCA-1,Scrublet,0.05761316872427982,singlet,0.9760100999847054
ACACGTGAGCTAAC-1,Scrublet,0.32844574780058644,singlet,0.9760100999847054
ACAGTGTGAACCAC-1,Scrublet,0.08078273958855996,singlet,0.9760100999847054
ACCACAGAGTTTGG-1,Scrublet,0.11696658097686374,singlet,0.9760100999847054
ACCACCTGAAAACG-1,Scrublet,0.0909418982316853,singlet,0.9760100999847054
ACCACCTGCCCTAC-1,Scrublet,0.10284035259549462,singlet,0.9760100999847054
ACCAGCCTGTTGAC-1,Scrublet,0.05163711660411543,singlet,0.9760100999847054
ACCAGTGAGCCAAT-1,Scrublet,0.046300832925036735,singlet,0.9760100999847054
ACCCAAGAATGGTC-1,Scrublet,0.18141197497765862,singlet,0.9760100999847054
ACCCAAGATAACGC-1,Scrublet,0.05163711660411543,singlet,0.9760100999847054
ACCCGTACACCTAG-1,Scrublet,0.1549815498154982,singlet,0.9760100999847054
ACCCGTTGACACCA-1,Scrublet,0.10284035259549462,singlet,0.9760100999847054
ACCCGTTGGGATTC-1,Scrublet,0.05761316872427982,singlet,0.9760100999847054
ACCCTCGAGACGAG-1,Scrublet,0.04150680153470527,singlet,0.9760100999847054
ACCGCGGAATCAGC-1,Scrublet,0.07200748129675809,singlet,0.9760100999847054
ACCGCGGATGGCAT-1,Scrublet,0.08078273958855996,singlet,0.9760100999847054
ACCGTGCTGTAAGA-1,Scrublet,0.08078273958855996,singlet,0.9760100999847054
ACCTCCGAAAGGCG-1,Scrublet,0.13401087213424728,singlet,0.9760100999847054
ACCTTTGAAAAAGC-1,Scrublet,0.03717636645275503,singlet,0.9760100999847054
ACGAACTGTGCTGA-1,Scrublet,0.05761316872427982,singlet,0.9760100999847054
ACGACAACGCCTTC-1,Scrublet,0.11696658097686374,singlet,0.9760100999847054
ACGACCCTTCAGAC-1,Scrublet,0.6092150170648465,doublet,0.9760100999847054
ACGATCGACGAGAG-1,Scrublet,0.07200748129675809,singlet,0.9760100999847054
ACGATTCTAGCCAT-1,Scrublet,0.21575342465753414,singlet,0.9760100999847054
ACGATTCTGGTACT-1,Scrublet,0.18141197497765862,singlet,0.9760100999847054
ACGCACCTACCAAC-1,Scrublet,0.18141197497765862,singlet,0.9760100999847054
ACGCCACTCCTTTA-1,Scrublet,0.05761316872427982,singlet,0.9760100999847054
ACGCCGGACGGGAA-1,Scrublet,0.21575342465753414,singlet,0.9760100999847054
ACGCCGGATGGAGG-1,Scrublet,0.21575342465753414,singlet,0.9760100999847054
ACGCGGTGATAAGG-1,Scrublet,0.06435137895812053,singlet,0.9760100999847054
ACGCGGTGGTCTTT-1,Scrublet,0.046300832925036735,singlet,0.9760100999847054
ACGGATTGGAAGGC-1,Scrublet,0.03717636645275503,singlet,0.9760100999847054
ACGGCTCTACTCAG-1,Scrublet,0.1549815498154982,singlet,0.9760100999847054
ACGGTAACCATCAG-1,Scrublet,0.04150680153470527,singlet,0.9760100999847054
ACGGTATGAACGGG-1,Scrublet,0.0909418982316853,singlet,0.9760100999847054
ACGTCGCTACGGAG-1,Scrublet,0.21575342465753414,singlet,0.9760100999847054
ACTCCCGACCTATT-1,Scrublet,0.046300832925036735,singlet,0.9760100999847054
ACTCGCACGGACAG-1,Scrublet,0.046300832925036735,singlet,0.9760100999847054
ACTGAGACACACAC-1,Scrublet,0.10284035259549462,singlet,0.9760100999847054
ACTGCCACAAGCAA-1,Scrublet,0.04150680153470527,singlet,0.9760100999847054
ACTGCCACCATGAC-1,Scrublet,0.18141197497765862,singlet,0.9760100999847054
ACTTAGCTCAAGCT-1,Scrublet,0.18141197497765862,singlet,0.9760100999847054
ACTTCAACGATAAG-1,Scrublet,0.08078273958855996,singlet,0.9760100999847054
AGAAAGTGGTCCTC-1,Scrublet,0.04150680153470527,singlet,0.9760100999847054
AGACACTGTCAGTG-1,Scrublet,0.07200748129675809,singlet,0.9760100999847054
AGAGAAACACGGAG-1,Scrublet,0.0909418982316853,singlet,0.9760100999847054
AGAGGTCTTCCTCG-1,Scrublet,0.07200748129675809,singlet,0.9760100999847054
AGAGTCACGGCGAA-1,Scrublet,0.06435137895812053,singlet,0.9760100999847054
AGAGTGCTCTTGTT-1,Scrublet,0.03324538258575197,singlet,0.9760100999847054
AGATCTCTTCCAGA-1,Scrublet,0.06435137895812053,singlet,0.9760100999847054
AGCAAAGAGCGAGA-1,Scrublet,0.08078273958855996,singlet,0.9760100999847054
AGCATGACCGTCTC-1,Scrublet,0.13401087213424728,singlet,0.9760100999847054
AGCCGGACTCTCCG-1,Scrublet,0.05163711660411543,singlet,0.9760100999847054
AGCCGGTGAAGTAG-1,Scrublet,0.07200748129675809,singlet,0.9760100999847054
AGCCGGTGACCTTT-1,Scrublet,0.07200748129675809,singlet,0.9760100999847054
AGCCTCACTACTGG-1,Scrublet,0.07200748129675809,singlet,0.9760100999847054
AGCGATACGCTTAG-1,Scrublet,0.0909418982316853,singlet,0.9760100999847054
AGCGCTCTCCTCGT-1,Scrublet,0.046300832925036735,singlet,0.9760100999847054
AGCGGCACGGTATC-1,Scrublet,0.07200748129675809,singlet,0.9760100999847054
AGCGGCTGCCAACA-1,Scrublet,0.06435137895812053,singlet,0.9760100999847054
AGCGGGCTCTTTAC-1,Scrublet,0.32844574780058644,singlet,0.9760100999847054
AGGATAGACTAGTG-1,Scrublet,0.06435137895812053,singlet,0.9760100999847054
AGGCTAACAGTGTC-1,Scrublet,0.03717636645275503,singlet,0.9760100999847054
AGGGCCACAAACAG-1,Scrublet,0.0909418982316853,singlet,0.9760100999847054
AGGGTGGACAGCTA-1,Scrublet,0.08078273958855996,singlet,0.9760100999847054
AGGGTGGATGATGC-1,Scrublet,0.0909418982316853,singlet,0.9760100999847054
AGGTACTGTTGACG-1,Scrublet,0.10284035259549462,singlet,0.9760100999847054
AGGTCATGCAGATC-1,Scrublet,0.05761316872427982,singlet,0.9760100999847054
AGGTCATGCTCTAT-1,Scrublet,0.0909418982316853,singlet,0.9760100999847054
AGGTCTGAGTGCTA-1,Scrublet,0.0909418982316853,singlet,0.9760100999847054
AGGTGGGAACACAC-1,Scrublet,0.07200748129675809,singlet,0.9760100999847054
AGTAAGGATGCTTT-1,Scrublet,0.11696658097686374,singlet,0.9760100999847054
AGTAATACCCTGAA-1,Scrublet,0.07200748129675809,singlet,0.9760100999847054
AGTAGAGATTCTGT-1,Scrublet,0.046300832925036735,singlet,0.9760100999847054
AGTCACGAAGCATC-1,Scrublet,0.04150680153470527,singlet,0.9760100999847054
AGTCACGAGGTACT-1,Scrublet,0.10284035259549462,singlet,0.9760100999847054
AGTCACGATGTCCC-1,Scrublet,0.05163711660411543,singlet,0.9760100999847054
AGTCGCCTTTACCT-1,Scrublet,0.6092150170648465,doublet,0.9760100999847054
AGTGCAACTGGAGG-1,Scrublet,0.06435137895812053,singlet,0.9760100999847054
ATAAACACAACCGT-1,Scrublet,0.13401087213424728,singlet,0.9760100999847054
ATAATGACCCGTTC-1,Scrublet,0.10284035259549462,singlet,0.9760100999847054
ATACGGACAAGCAA-1,Scrublet,0.06435137895812053,singlet,0.9760100999847054
ATACTCTGTCCTTA-1,Scrublet,0.07200748129675809,singlet,0.9760100999847054
ATAGAACTTTTCAC-1,Scrublet,0.046300832925036735,singlet,0.9760100999847054
ATAGCTCTTCGCCT-1,Scrublet,0.07200748129675809,singlet,0.9760100999847054
ATATACGAGAACCT-1,Scrublet,0.06435137895812053,singlet,0.9760100999847054
ATATAGTGCGTTAG-1,Scrublet,0.10284035259549462,singlet,0.9760100999847054
ATCACTACAGGAGC-1,Scrublet,0.0909418982316853,singlet,0.9760100999847054
ATCACTACATCGAC-1,Scrublet,0.05163711660411543,singlet,0.9760100999847054
ATCACTTGGCGATT-1,Scrublet,0.1549815498154982,singlet,0.9760100999847054
ATCCCGTGGTCCTC-1,Scrublet,0.04150680153470527,singlet,0.9760100999847054
ATCGCGCTGCTGAT-1,Scrublet,0.05163711660411543,singlet,0.9760100999847054
ATCGGAACATGTCG-1,Scrublet,0.10284035259549462,singlet,0.9760100999847054
ATCTACTGATCGTG-1,Scrublet,0.08078273958855996,singlet,0.9760100999847054
ATCTGACTAAGCAA-1,Scrublet,0.07200748129675809,singlet,0.9760100999847054
ATCTGGGACTTCTA-1,Scrublet,0.08078273958855996,singlet,0.9760100999847054
ATCTTGACGTTTGG-1,Scrublet,0.05761316872427982,singlet,0.9760100999847054
ATCTTTCTTGAGGG-1,Scrublet,0.08078273958855996,singlet,0.9760100999847054
ATGCACGAGTGCAT-1,Scrublet,0.046300832925036735,singlet,0.9760100999847054
ATGCCGCTTACGAC-1,Scrublet,0.07200748129675809,singlet,0.9760100999847054
ATGTACCTCTATTC-1,Scrublet,0.18141197497765862,singlet,0.9760100999847054
ATGTACCTGCTTAG-1,Scrublet,0.21575342465753414,singlet,0.9760100999847054
ATGTCGGAACACCA-1,Scrublet,0.07200748129675809,singlet,0.9760100999847054
ATGTCGGATAGAGA-1,Scrublet,0.046300832925036735,singlet,0.9760100999847054
ATGTTCACAACCTG-1,Scrublet,0.046300832925036735,singlet,0.9760100999847054
ATGTTCACCTCAGA-1,Scrublet,0.07200748129675809,singlet,0.9760100999847054
ATGTTGCTCTCATT-1,Scrublet,0.11696658097686374,singlet,0.9760100999847054
ATTACCACACCGAT-1,Scrublet,0.0909418982316853,singlet,0.9760100999847054
ATTAGATGCTACCC-1,Scrublet,0.03717636645275503,singlet,0.9760100999847054
ATTCCAACGTATCG-1,Scrublet,0.11696658097686374,singlet,0.9760100999847054
ATTCGACTTCTCGC-1,Scrublet,0.02637936032466905,singlet,0.9760100999847054
ATTCGGGAACGGGA-1,Scrublet,0.05761316872427982,singlet,0.9760100999847054
ATTGAAACAACCGT-1,Scrublet,0.04150680153470527,singlet,0.9760100999847054
ATTGCACTACACGT-1,Scrublet,0.05761316872427982,singlet,0.9760100999847054
ATTGCACTAGTCGT-1,Scrublet,0.10284035259549462,singlet,0.9760100999847054
ATTGCGGAAAAGTG-1,Scrublet,0.06435137895812053,singlet,0.9760100999847054
ATTGGGTGTTTGTC-1,Scrublet,0.13401087213424728,singlet,0.9760100999847054
ATTGTCTGCGATAC-1,Scrublet,0.0909418982316853,singlet,0.9760100999847054
ATTGTCTGTGAAGA-1,Scrublet,0.05163711660411543,singlet,0.9760100999847054
ATTTAGGAACAGTC-1,Scrublet,0.05761316872427982,singlet,0.9760100999847054
ATTTCCGACTACCC-1,Scrublet,0.0909418982316853,singlet,0.9760100999847054
ATTTGCACCAAAGA-1,Scrublet,0.03717636645275503,singlet,0.9760100999847054
CAAAGCACTCTGGA-1,Scrublet,0.08078273958855996,singlet,0.9760100999847054
CAAAGCTGATCGGT-1,Scrublet,0.13401087213424728,singlet,0.9760100999847054
CAACCGCTAGAGAT-1,Scrublet,0.13401087213424728,singlet,0.9760100999847054
CAAGACACTTTGGG-1,Scrublet,0.13401087213424728,singlet,0.9760100999847054
CAAGACTGCTGTTT-1,Scrublet,0.08078273958855996,singlet,0.9760100999847054
CAAGACTGGACACT-1,Scrublet,0.05163711660411543,singlet,0.9760100999847054
CAAGCTGACAGTTG-1,Scrublet,0.04150680153470527,singlet,0.9760100999847054
CAAGTCGATTGGTG-1,Scrublet,0.05163711660411543,singlet,0.9760100999847054
CAATCTACAAGAGT-1,Scrublet,0.11696658097686374,singlet,0.9760100999847054
CAATCTACCGATAC-1,Scrublet,0.08078273958855996,singlet,0.9760100999847054
CACAATCTGAAAGT-1,Scrublet,0.06435137895812053,singlet,0.9760100999847054
CACATACTTGACTG-1,Scrublet,0.0909418982316853,singlet,0.9760100999847054
CACCCATGTCTTCA-1,Scrublet,0.0909418982316853,singlet,0.9760100999847054
CACCGTACATTCCT-1,Scrublet,0.11696658097686374,singlet,0.9760100999847054
CACCTGACAGATGA-1,Scrublet,0.1549815498154982,singlet,0.9760100999847054
CACCTGACGAACTC-1,Scrublet,0.05163711660411543,singlet,0.9760100999847054
CACGGGACGAGGTG-1,Scrublet,0.18141197497765862,singlet,0.9760100999847054
CACGGGTGTTATCC-1,Scrublet,0.05761316872427982,singlet,0.9760100999847054
CACTCTCTGTTGAC-1,Scrublet,0.11696658097686374,singlet,0.9760100999847054
CACTGCACTTCCAT-1,Scrublet,0.18141197497765862,singlet,0.9760100999847054
CACTGCTGGGAGTG-1,Scrublet,0.11696658097686374,singlet,0.9760100999847054
CAGAAGCTGCAGTT-1,Scrublet,0.10284035259549462,singlet,0.9760100999847054
CAGACATGTGGTCA-1,Scrublet,0.06435137895812053,singlet,0.9760100999847054
CAGACCCTCCATGA-1,Scrublet,0.0909418982316853,singlet,0.9760100999847054
CAGAGGGACTTATC-1,Scrublet,0.08078273958855996,singlet,0.9760100999847054
CAGATCGAAGAACA-1,Scrublet,0.0909418982316853,singlet,0.9760100999847054
CAGCAATGGACTAC-1,Scrublet,0.046300832925036735,singlet,0.9760100999847054
CAGCAATGTTAGGC-1,Scrublet,0.04150680153470527,singlet,0.9760100999847054
CAGCATGATACAGC-1,Scrublet,0.06435137895812053,singlet,0.9760100999847054
CAGCCTACTAGTCG-1,Scrublet,0.07200748129675809,singlet,0.9760100999847054
CAGCGGACGCGGAA-1,Scrublet,0.08078273958855996,singlet,0.9760100999847054
CAGCTAGACTGAAC-1,Scrublet,0.1549815498154982,singlet,0.9760100999847054
CAGTGATGCGAGAG-1,Scrublet,0.07200748129675809,singlet,0.9760100999847054
CATAGTCTAGCTAC-1,Scrublet,0.11696658097686374,singlet,0.9760100999847054
CATATAGATGTTTC-1,Scrublet,0.1549815498154982,singlet,0.9760100999847054
CATCTCCTTCTACT-1,Scrublet,0.0909418982316853,singlet,0.9760100999847054
CATGAGACTATCTC-1,Scrublet,0.06435137895812053,singlet,0.9760100999847054
CATGCGCTAGAGTA-1,Scrublet,0.07200748129675809,singlet,0.9760100999847054
CATGTTTGTTACCT-1,Scrublet,0.08078273958855996,singlet,0.9760100999847054
CATTGTACGCCCTT-1,Scrublet,0.13401087213424728,singlet,0.9760100999847054
CCAACCTGGGGAGT-1,Scrublet,0.0909418982316853,singlet,0.9760100999847054
CCAAGTGATTGCTT-1,Scrublet,0.11696658097686374,singlet,0.9760100999847054
CCAATTTGCTGAAC-1,Scrublet,0.06435137895812053,singlet,0.9760100999847054
CCACCATGCATACG-1,Scrublet,0.0909418982316853,singlet,0.9760100999847054
CCAGAAACTGGTGT-1,Scrublet,0.05163711660411543,singlet,0.9760100999847054
CCATAGGATCGACA-1,Scrublet,0.1549815498154982,singlet,0.9760100999847054
CCCAACTGCACAAC-1,Scrublet,0.03717636645275503,singlet,0.9760100999847054
CCCATGTGCTCGCT-1,Scrublet,0.05163711660411543,singlet,0.9760100999847054
CCCTAGTGATGCTG-1,Scrublet,0.03324538258575197,singlet,0.9760100999847054
CCCTAGTGGATACC-1,Scrublet,0.03717636645275503,singlet,0.9760100999847054
CCGCTATGACGGTT-1,Scrublet,0.11696658097686374,singlet,0.9760100999847054
CCGCTATGCCACAA-1,Scrublet,0.07200748129675809,singlet,0.9760100999847054
CCGTACACCGTCTC-1,Scrublet,0.04150680153470527,singlet,0.9760100999847054
CCTAAGGAGAACTC-1,Scrublet,0.10284035259549462,singlet,0.9760100999847054
CCTGAGCTAGTCAC-1,Scrublet,0.11696658097686374,singlet,0.9760100999847054
CCTGGACTTACAGC-1,Scrublet,0.0909418982316853,singlet,0.9760100999847054
CCTTCACTCAGGAG-1,Scrublet,0.07200748129675809,singlet,0.9760100999847054
CGAAGACTCTGAAC-1,Scrublet,0.06435137895812053,singlet,0.9760100999847054
CGAAGACTTCGCTC-1,Scrublet,0.0909418982316853,singlet,0.9760100999847054
CGAATCGAAAGAAC-1,Scrublet,0.08078273958855996,singlet,0.9760100999847054
CGAATCGAGCTATG-1,Scrublet,0.0909418982316853,singlet,0.9760100999847054
CGAGAACTTTTACC-1,Scrublet,0.08078273958855996,singlet,0.9760100999847054
CGATACGAGCTACA-1,Scrublet,0.05163711660411543,singlet,0.9760100999847054
CGATACGATCAAGC-1,Scrublet,0.11696658097686374,singlet,0.9760100999847054
CGATCAGAAGCAAA-1,Scrublet,0.07200748129675809,singlet,0.9760100999847054
CGATCAGAAGCTAC-1,Scrublet,0.05761316872427982,singlet,0.9760100999847054
CGCACGGAGCTAAC-1,Scrublet,0.05761316872427982,singlet,0.9760100999847054
CGCCATTGGCCATA-1,Scrublet,0.11696658097686374,singlet,0.9760100999847054
CGCCGAGAAGATGA-1,Scrublet,0.0909418982316853,singlet,0.9760100999847054
CGCGGATGACCAGT-1,Scrublet,0.06435137895812053,singlet,0.9760100999847054
CGCGGATGTGCCCT-1,Scrublet,0.04150680153470527,singlet,0.9760100999847054
CGCTAAGAGGAACG-1,Scrublet,0.10284035259549462,singlet,0.9760100999847054
CGCTACACTTATCC-1,Scrublet,0.06435137895812053,singlet,0.9760100999847054
CGCTACTGCCCAAA-1,Scrublet,0.07200748129675809,singlet,0.9760100999847054
CGGAATTGGTAAGA-1,Scrublet,0.05163711660411543,singlet,0.9760100999847054
CGGCACGATGGATC-1,Scrublet,0.10284035259549462,singlet,0.9760100999847054
CGGCCAGAGTTCGA-1,Scrublet,0.05761316872427982,singlet,0.9760100999847054
CGGGACTGACCTTT-1,Scrublet,0.21575342465753414,singlet,0.9760100999847054
CGGGACTGTGTGGT-1,Scrublet,0.06435137895812053,singlet,0.9760100999847054
CGGTACCTTTTACC-1,Scrublet,0.11696658097686374,singlet,0.9760100999847054
CGTAGCCTTACTCT-1,Scrublet,0.06435137895812053,singlet,0.9760100999847054
CGTCCAACGGCATT-1,Scrublet,0.07200748129675809,singlet,0.9760100999847054
CGTGCACTTGAAGA-1,Scrublet,0.05761316872427982,singlet,0.9760100999847054
CGTTATACGAGGAC-1,Scrublet,0.11696658097686374,singlet,0.9760100999847054
CTAAACCTCGTAGT-1,Scrublet,0.05761316872427982,singlet,0.9760100999847054
CTAACACTGTAGCT-1,Scrublet,0.05761316872427982,singlet,0.9760100999847054
CTAAGGTGACGACT-1,Scrublet,0.07200748129675809,singlet,0.9760100999847054
CTAAGGTGGTCCTC-1,Scrublet,0.13401087213424728,singlet,0.9760100999847054
CTAAGGTGTACGAC-1,Scrublet,0.05761316872427982,singlet,0.9760100999847054
CTAATAGAAGCCAT-1,Scrublet,0.046300832925036735,singlet,0.9760100999847054
CTAATAGATAGTCG-1,Scrublet,0.1549815498154982,singlet,0.9760100999847054
CTACCTCTCGCAAT-1,Scrublet,0.04150680153470527,singlet,0.9760100999847054
CTATACTGTCGCAA-1,Scrublet,0.08078273958855996,singlet,0.9760100999847054
CTATCCCTACTGTG-1,Scrublet,0.11696658097686374,singlet,0.9760100999847054
CTATCCCTCCTAAG-1,Scrublet,0.10284035259549462,singlet,0.9760100999847054
CTCAGCACTCGCCT-1,Scrublet,0.0909418982316853,singlet,0.9760100999847054
CTCGACTGACTGGT-1,Scrublet,0.0909418982316853,singlet,0.9760100999847054
CTCGCATGCCTCCA-1,Scrublet,0.05163711660411543,singlet,0.9760100999847054
CTGAAGACCCTATT-1,Scrublet,0.10284035259549462,singlet,0.9760100999847054
CTGAAGACGAGCAG-1,Scrublet,0.10284035259549462,singlet,0.9760100999847054
CTGAGCCTACCTAG-1,Scrublet,0.0909418982316853,singlet,0.9760100999847054
CTGATGGAACGACT-1,Scrublet,0.05163711660411543,singlet,0.9760100999847054
CTGGAAACCGGAGA-1,Scrublet,0.10284035259549462,singlet,0.9760100999847054
CTTAAAGAGTACCA-1,Scrublet,0.046300832925036735,singlet,0.9760100999847054
CTTAAAGATGCAGT-1,Scrublet,0.10284035259549462,singlet,0.9760100999847054
CTTACAACGGAGTG-1,Scrublet,0.08078273958855996,singlet,0.9760100999847054
CTTACAACTAAGCC-1,Scrublet,0.10284035259549462,singlet,0.9760100999847054
CTTAGACTATTTCC-1,Scrublet,0.11696658097686374,singlet,0.9760100999847054
CTTCTAGACTTGAG-1,Scrublet,0.07200748129675809,singlet,0.9760100999847054
GAAACCTGCGTTGA-1,Scrublet,0.08078273958855996,singlet,0.9760100999847054
GAAACCTGGTTAGC-1,Scrublet,0.08078273958855996,singlet,0.9760100999847054
GAAAGCCTTAAGCC-1,Scrublet,0.0909418982316853,singlet,0.9760100999847054
GAACACACTGCTCC-1,Scrublet,0.04150680153470527,singlet,0.9760100999847054
GAACGGGACCATGA-1,Scrublet,0.07200748129675809,singlet,0.9760100999847054
GAACGTTGCGTTGA-1,Scrublet,0.07200748129675809,singlet,0.9760100999847054
GAAGCTTGACTTTC-1,Scrublet,0.08078273958855996,singlet,0.9760100999847054
GAAGTAGACCCTTG-1,Scrublet,0.18141197497765862,singlet,0.9760100999847054
GAAGTGCTGGAGCA-1,Scrublet,0.21575342465753414,singlet,0.9760100999847054
GACAACACGCGATT-1,Scrublet,0.06435137895812053,singlet,0.9760100999847054
GACAACTGATTGGC-1,Scrublet,0.05761316872427982,singlet,0.9760100999847054
GACAGGGAGCATCA-1,Scrublet,0.05163711660411543,singlet,0.9760100999847054
GACTCCTGGGTCAT-1,Scrublet,0.07200748129675809,singlet,0.9760100999847054
GAGAAATGAGCGTT-1,Scrublet,0.11696658097686374,singlet,0.9760100999847054
GAGATCACTGAGAA-1,Scrublet,0.06435137895812053,singlet,0.9760100999847054
GAGCAGGAGAGGCA-1,Scrublet,0.06435137895812053,singlet,0.9760100999847054
GAGGTACTATCACG-1,Scrublet,0.10284035259549462,singlet,0.9760100999847054
GAGGTGGATGCTGA-1,Scrublet,0.1549815498154982,singlet,0.9760100999847054
GAGGTTACATAAGG-1,Scrublet,0.6092150170648465,doublet,0.9760100999847054
GAGGTTACCTGAAC-1,Scrublet,0.0909418982316853,singlet,0.9760100999847054
GAGTAAGATCATTC-1,Scrublet,0.11696658097686374,singlet,0.9760100999847054
GAGTACTGGGTTAC-1,Scrublet,0.10284035259549462,singlet,0.9760100999847054
GAGTCAACTTCACT-1,Scrublet,0.03717636645275503,singlet,0.9760100999847054
GATAATACAGACTC-1,Scrublet,0.18141197497765862,singlet,0.9760100999847054
GATACTCTTCGATG-1,Scrublet,0.046300832925036735,singlet,0.9760100999847054
GATATATGACGCTA-1,Scrublet,0.03324538258575197,singlet,0.9760100999847054
GATATTGAGGCAAG-1,Scrublet,0.08078273958855996,singlet,0.9760100999847054
GATCCCTGTTGCGA-1,Scrublet,0.18141197497765862,singlet,0.9760100999847054
GATCCGCTCAGAGG-1,Scrublet,0.11696658097686374,singlet,0.9760100999847054
GATGCAACAGATGA-1,Scrublet,0.13401087213424728,singlet,0.9760100999847054
GATGCATGAATGCC-1,Scrublet,0.06435137895812053,singlet,0.9760100999847054
GATGCATGGCCCTT-1,Scrublet,0.07200748129675809,singlet,0.9760100999847054
GATGCCCTGGAAAT-1,Scrublet,0.18141197497765862,singlet,0.9760100999847054
GATTCTTGAAGCCT-1,Scrublet,0.11696658097686374,singlet,0.9760100999847054
GATTGGACATTCGG-1,Scrublet,0.10284035259549462,singlet,0.9760100999847054
GATTGGACCGCCTT-1,Scrublet,0.0909418982316853,singlet,0.9760100999847054
GATTGGTGTCGCTC-1,Scrublet,0.03324538258575197,singlet,0.9760100999847054
GATTGGTGTGCTCC-1,Scrublet,0.08078273958855996,singlet,0.9760100999847054
GATTTGCTGGAAAT-1,Scrublet,0.07200748129675809,singlet,0.9760100999847054
GCAACCCTCTTTAC-1,Scrublet,0.05163711660411543,singlet,0.9760100999847054
GCAACCCTTTCCGC-1,Scrublet,0.07200748129675809,singlet,0.9760100999847054
GCAACTGAGGGACA-1,Scrublet,0.05761316872427982,singlet,0.9760100999847054
GCAATCGATCCCGT-1,Scrublet,0.08078273958855996,singlet,0.9760100999847054
GCACACCTACACCA-1,Scrublet,0.10284035259549462,singlet,0.9760100999847054
GCACCACTTAGCCA-1,Scrublet,0.08078273958855996,singlet,0.9760100999847054
GCAGCTCTGCTATG-1,Scrublet,0.07200748129675809,singlet,0.9760100999847054
GCAGTCCTAAGCCT-1,Scrublet,0.6092150170648465,doublet,0.9760100999847054
GCATGATGACCTGA-1,Scrublet,0.046300832925036735,singlet,0.9760100999847054
GCATGTGATGCATG-1,Scrublet,0.0909418982316853,singlet,0.9760100999847054
GCATTGGACATTCT-1,Scrublet,0.05163711660411543,singlet,0.9760100999847054
GCCAAAACACCAGT-1,Scrublet,0.03717636645275503,singlet,0.9760100999847054
GCCAAAACATCGAC-1,Scrublet,0.05761316872427982,singlet,0.9760100999847054
GCCAAATGGCCCTT-1,Scrublet,0.08078273958855996,singlet,0.9760100999847054
GCCATGCTCCTTCG-1,Scrublet,0.06435137895812053,singlet,0.9760100999847054
GCCATGCTCTCGCT-1,Scrublet,0.1549815498154982,singlet,0.9760100999847054
GCCCAGGAGACTAC-1,Scrublet,0.08078273958855996,singlet,0.9760100999847054
GCGAGCACATTCGG-1,Scrublet,0.08078273958855996,singlet,0.9760100999847054
GCGAGCACTAGAAG-1,Scrublet,0.10284035259549462,singlet,0.9760100999847054
GCGATATGCTGATG-1,Scrublet,0.0909418982316853,singlet,0.9760100999847054
GCGATATGGTCAAC-1,Scrublet,0.08078273958855996,singlet,0.9760100999847054
GCGATATGTGTCCC-1,Scrublet,0.0909418982316853,singlet,0.9760100999847054
GCGCACGAAAGAAC-1,Scrublet,0.07200748129675809,singlet,0.9760100999847054
GCGCACGACTGATG-1,Scrublet,0.08078273958855996,singlet,0.9760100999847054
GCGGGACTCCTGAA-1,Scrublet,0.0909418982316853,singlet,0.9760100999847054
GCGTATGACAGAGG-1,Scrublet,0.05163711660411543,singlet,0.9760100999847054
GCTACAGATTGCGA-1,Scrublet,0.08078273958855996,singlet,0.9760100999847054
GCTACCTGCTGTAG-1,Scrublet,0.08078273958855996,singlet,0.9760100999847054
GCTACGCTGTGTAC-1,Scrublet,0.08078273958855996,singlet,0.9760100999847054
GCTAGAACGCGATT-1,Scrublet,0.18141197497765862,singlet,0.9760100999847054
GCTAGATGTCTATC-1,Scrublet,0.046300832925036735,singlet,0.9760100999847054
GCTCGACTTTCGCC-1,Scrublet,0.11696658097686374,singlet,0.9760100999847054
GCTTAACTTGCTTT-1,Scrublet,0.21575342465753414,singlet,0.9760100999847054
GGAACTTGTCCTTA-1,Scrublet,0.05163711660411543,singlet,0.9760100999847054
GGAATCTGTACTGG-1,Scrublet,0.1549815498154982,singlet,0.9760100999847054
GGAATGCTTATCGG-1,Scrublet,0.08078273958855996,singlet,0.9760100999847054
GGACATTGCCTATT-1,Scrublet,0.07200748129675809,singlet,0.9760100999847054
GGACGCACGCTGTA-1,Scrublet,0.11696658097686374,singlet,0.9760100999847054
GGATAGCTCAGATC-1,Scrublet,0.05163711660411543,singlet,0.9760100999847054
GGATGTACGTGCAT-1,Scrublet,0.05761316872427982,singlet,0.9760100999847054
GGATTGTGTCCTAT-1,Scrublet,0.10284035259549462,singlet,0.9760100999847054
GGCATATGGTTAGC-1,Scrublet,0.07200748129675809,singlet,0.9760100999847054
GGCCACGACCGATA-1,Scrublet,0.10284035259549462,singlet,0.9760100999847054
GGCCCAGAGCAGTT-1,Scrublet,0.10284035259549462,singlet,0.9760100999847054
GGCGCATGCGCTAA-1,Scrublet,0.10284035259549462,singlet,0.9760100999847054
GGGAAGACCGTGTA-1,Scrublet,0.06435137895812053,singlet,0.9760100999847054
GGGAAGACGTCACA-1,Scrublet,0.11696658097686374,singlet,0.9760100999847054
GGGAAGACTGAACC-1,Scrublet,0.07200748129675809,singlet,0.9760100999847054
GGGAAGTGATGTCG-1,Scrublet,0.05163711660411543,singlet,0.9760100999847054
GGGCAGCTCTCAGA-1,Scrublet,0.0909418982316853,singlet,0.9760100999847054
GGGCCAACCGTAGT-1,Scrublet,0.046300832925036735,singlet,0.9760100999847054
GGTACTGATTCCCG-1,Scrublet,0.06435137895812053,singlet,0.9760100999847054
GGTAGTACTGTCTT-1,Scrublet,0.04150680153470527,singlet,0.9760100999847054
GGTATGACATCGAC-1,Scrublet,0.13401087213424728,singlet,0.9760100999847054
GGTATGACCGTGAT-1,Scrublet,0.13401087213424728,singlet,0.9760100999847054
GGTATGACTGGAAA-1,Scrublet,0.04150680153470527,singlet,0.9760100999847054
GGTCAAACGGAAGC-1,Scrublet,0.046300832925036735,singlet,0.9760100999847054
GGTTGAACGAAGGC-1,Scrublet,0.05163711660411543,singlet,0.9760100999847054
GTAATAACACGGGA-1,Scrublet,0.13401087213424728,singlet,0.9760100999847054
GTACGAACTGCCAA-1,Scrublet,0.0909418982316853,singlet,0.9760100999847054
GTACTTTGCAGATC-1,Scrublet,0.08078273958855996,singlet,0.9760100999847054
GTAGCATGGCAGTT-1,Scrublet,0.03717636645275503,singlet,0.9760100999847054
GTAGCCCTCTCCCA-1,Scrublet,0.06435137895812053,singlet,0.9760100999847054
GTAGTGTGCACTGA-1,Scrublet,0.10284035259549462,singlet,0.9760100999847054
GTAGTGTGGTCTAG-1,Scrublet,0.08078273958855996,singlet,0.9760100999847054
GTATCACTAACGGG-1,Scrublet,0.046300832925036735,singlet,0.9760100999847054
GTATCACTTCCTCG-1,Scrublet,0.10284035259549462,singlet,0.9760100999847054
GTATGGTGCGTAAC-1,Scrublet,0.023363619506768032,singlet,0.9760100999847054
GTATTCACATAAGG-1,Scrublet,0.11696658097686374,singlet,0.9760100999847054
GTATTCACTCATTC-1,Scrublet,0.11696658097686374,singlet,0.9760100999847054
GTCACAGATGTGCA-1,Scrublet,0.06435137895812053,singlet,0.9760100999847054
GTCCAAGATAAGGA-1,Scrublet,0.13401087213424728,singlet,0.9760100999847054
GTCCACACAGAACA-1,Scrublet,0.06435137895812053,singlet,0.9760100999847054
GTCTGAGACCAACA-1,Scrublet,0.06435137895812053,singlet,0.9760100999847054
GTGCCACTATCGGT-1,Scrublet,0.11696658097686374,singlet,0.9760100999847054
GTGTATCTAATGCC-1,Scrublet,0.10284035259549462,singlet,0.9760100999847054
GTTAACCTTTGGTG-1,Scrublet,0.046300832925036735,singlet,0.9760100999847054
GTTACTACTTCGCC-1,Scrublet,0.05761316872427982,singlet,0.9760100999847054
GTTATAGATGTAGC-1,Scrublet,0.05761316872427982,singlet,0.9760100999847054
GTTCATACTACTTC-1,Scrublet,0.11696658097686374,singlet,0.9760100999847054
GTTGACGATTTCGT-1,Scrublet,0.13401087213424728,singlet,0.9760100999847054
GTTGAGTGTGGAAA-1,Scrublet,0.0909418982316853,singlet,0.9760100999847054
TAACCGGAAATGCC-1,Scrublet,0.03717636645275503,singlet,0.9760100999847054
TAAGATACTGGTCA-1,Scrublet,0.0909418982316853,singlet,0.9760100999847054
TAAGCTCTTGCTAG-1,Scrublet,0.05761316872427982,singlet,0.9760100999847054
TAAGGGCTGTATGC-1,Scrublet,0.0909418982316853,singlet,0.9760100999847054
TACACACTGGAAAT-1,Scrublet,0.08078273958855996,singlet,0.9760100999847054
TACATCACCTATGG-1,Scrublet,0.05163711660411543,singlet,0.9760100999847054
TACCGCTGCCGAAT-1,Scrublet,0.06435137895812053,singlet,0.9760100999847054
TACGTACTCGATAC-1,Scrublet,0.046300832925036735,singlet,0.9760100999847054
TACTCAACCTTGGA-1,Scrublet,0.046300832925036735,singlet,0.9760100999847054
TACTCCCTAGAGGC-1,Scrublet,0.07200748129675809,singlet,0.9760100999847054
TACTCTGATGTTTC-1,Scrublet,0.07200748129675809,singlet,0.9760100999847054
TAGAAACTTAGACC-1,Scrublet,0.18141197497765862,singlet,0.9760100999847054
TAGAGAGAAAAAGC-1,Scrublet,0.11696658097686374,singlet,0.9760100999847054
TAGAGAGACGACAT-1,Scrublet,0.05163711660411543,singlet,0.9760100999847054
TAGATTGATCTAGG-1,Scrublet,0.2621828433346756,singlet,0.9760100999847054
TAGCATCTCGTGAT-1,Scrublet,0.10284035259549462,singlet,0.9760100999847054
TAGCCCACCAGCTA-1,Scrublet,0.11696658097686374,singlet,0.9760100999847054
TAGGACTGGTAAAG-1,Scrublet,0.18141197497765862,singlet,0.9760100999847054
TAGGCTGATGCGTA-1,Scrublet,0.08078273958855996,singlet,0.9760100999847054
TAGGTTCTACTAGC-1,Scrublet,0.1549815498154982,singlet,0.9760100999847054
TATACAGAGTGTTG-1,Scrublet,0.04150680153470527,singlet,0.9760100999847054
TATCAAGATCGCCT-1,Scrublet,0.0909418982316853,singlet,0.9760100999847054
TATCGACTACTAGC-1,Scrublet,0.05163711660411543,singlet,0.9760100999847054
TATCGACTTTCTCA-1,Scrublet,0.05761316872427982,singlet,0.9760100999847054
TATCTTCTACTACG-1,Scrublet,0.04150680153470527,singlet,0.9760100999847054
TATGGTCTATTGGC-1,Scrublet,0.05761316872427982,singlet,0.9760100999847054
TCAAGGACGAACCT-1,Scrublet,0.03717636645275503,singlet,0.9760100999847054
TCAAGGTGACACAC-1,Scrublet,0.0909418982316853,singlet,0.9760100999847054
TCAAGTCTGACGTT-1,Scrublet,0.08078273958855996,singlet,0.9760100999847054
TCAAGTCTTGCAAC-1,Scrublet,0.05761316872427982,singlet,0.9760100999847054
TCACCGTGCCGTTC-1,Scrublet,0.06435137895812053,singlet,0.9760100999847054
TCAGACGAGCGATT-1,Scrublet,0.10284035259549462,singlet,0.9760100999847054
TCAGCAGACAGCTA-1,Scrublet,0.07200748129675809,singlet,0.9760100999847054
TCAGTTACTGCCAA-1,Scrublet,0.06435137895812053,singlet,0.9760100999847054
TCATCATGCTGAAC-1,Scrublet,0.10284035259549462,singlet,0.9760100999847054
TCATCCCTCATTCT-1,Scrublet,0.11696658097686374,singlet,0.9760100999847054
TCCAGAGAAGAGAT-1,Scrublet,0.07200748129675809,singlet,0.9760100999847054
TCCAGAGACTTCGC-1,Scrublet,0.046300832925036735,singlet,0.9760100999847054
TCCATCCTCGTACA-1,Scrublet,0.11696658097686374,singlet,0.9760100999847054
TCCGAAGATTGACG-1,Scrublet,0.08078273958855996,singlet,0.9760100999847054
TCCGGACTTGGTAC-1,Scrublet,0.06435137895812053,singlet,0.9760100999847054
TCCTATGAACTGTG-1,Scrublet,0.07200748129675809,singlet,0.9760100999847054
TCGACGCTACGTTG-1,Scrublet,0.06435137895812053,singlet,0.9760100999847054
TCGAGCCTAGAATG-1,Scrublet,0.13401087213424728,singlet,0.9760100999847054
TCGCACACGGCGAA-1,Scrublet,0.08078273958855996,singlet,0.9760100999847054
TCGGACCTGTGTCA-1,Scrublet,0.05163711660411543,singlet,0.9760100999847054
TCGTGAGACACACA-1,Scrublet,0.0909418982316853,singlet,0.9760100999847054
TCGTTATGCATCAG-1,Scrublet,0.13401087213424728,singlet,0.9760100999847054
TCTAACACACCATG-1,Scrublet,0.08078273958855996,singlet,0.9760100999847054
TCTAACTGCAATCG-1,Scrublet,0.08078273958855996,singlet,0.9760100999847054
TCTAGACTAAAAGC-1,Scrublet,0.11696658097686374,singlet,0.9760100999847054
TCTAGACTGTAAAG-1,Scrublet,0.10284035259549462,singlet,0.9760100999847054
TCTCTAGATCGCTC-1,Scrublet,0.03717636645275503,singlet,0.9760100999847054
TGACGATGCTACGA-1,Scrublet,0.11696658097686374,singlet,0.9760100999847054
TGACGATGGTAGCT-1,Scrublet,0.05761316872427982,singlet,0.9760100999847054
TGACTTTGAGCGTT-1,Scrublet,0.06435137895812053,singlet,0.9760100999847054
TGAGGTACGTATCG-1,Scrublet,0.08078273958855996,singlet,0.9760100999847054
TGAGTGACCTTCTA-1,Scrublet,0.03717636645275503,singlet,0.9760100999847054
TGATACCTGTAGCT-1,Scrublet,0.08078273958855996,singlet,0.9760100999847054
TGCAACGAGGACTT-1,Scrublet,0.046300832925036735,singlet,0.9760100999847054
TGCACAGAGTTGCA-1,Scrublet,0.08078273958855996,singlet,0.9760100999847054
TGCCAAGAGAATCC-1,Scrublet,0.11696658097686374,singlet,0.9760100999847054
TGCCACTGAACAGA-1,Scrublet,0.046300832925036735,singlet,0.9760100999847054
TGCCCAACTGTTTC-1,Scrublet,0.07200748129675809,singlet,0.9760100999847054
TGCCGACTTGCTTT-1,Scrublet,0.11696658097686374,singlet,0.9760100999847054
TGCGCACTTATGCG-1,Scrublet,0.11696658097686374,singlet,0.9760100999847054
TGCGTAGACTGACA-1,Scrublet,0.13401087213424728,singlet,0.9760100999847054
TGCTGAGATATCGG-1,Scrublet,0.11696658097686374,singlet,0.9760100999847054
TGGAACACGTTTCT-1,Scrublet,0.1549815498154982,singlet,0.9760100999847054
TGGAACTGATTCGG-1,Scrublet,0.21575342465753414,singlet,0.9760100999847054
TGGACCCTTGGGAG-1,Scrublet,0.0909418982316853,singlet,0.9760100999847054
TGGACTGAGTTCGA-1,Scrublet,0.046300832925036735,singlet,0.9760100999847054
TGGATCGACAGATC-1,Scrublet,0.08078273958855996,singlet,0.9760100999847054
TGGATGACACGTGT-1,Scrublet,0.05163711660411543,singlet,0.9760100999847054
TGGGTATGTCACCC-1,Scrublet,0.08078273958855996,singlet,0.9760100999847054
TGTAATGACTCGCT-1,Scrublet,0.06435137895812053,singlet,0.9760100999847054
TGTCAGGAGAACTC-1,Scrublet,0.08078273958855996,singlet,0.9760100999847054
TGTCTAACTCTACT-1,Scrublet,0.1549815498154982,singlet,0.9760100999847054
TGTGAGTGGCTAAC-1,Scrublet,0.10284035259549462,singlet,0.9760100999847054
TGTGAGTGGGTATC-1,Scrublet,0.046300832925036735,singlet,0.9760100999847054
TTACCATGTGGTTG-1,Scrublet,0.03324538258575197,singlet,0.9760100999847054
TTACGACTAGCAAA-1,Scrublet,0.08078273958855996,singlet,0.9760100999847054
TTAGAATGATCGAC-1,Scrublet,0.11696658097686374,singlet,0.9760100999847054
TTAGAATGCGTTGA-1,Scrublet,0.05761316872427982,singlet,0.9760100999847054
TTAGGTCTCGCAAT-1,Scrublet,0.13401087213424728,singlet,0.9760100999847054
TTAGTCACACAGCT-1,Scrublet,0.10284035259549462,singlet,0.9760100999847054
TTAGTCTGGTTAGC-1,Scrublet,0.04150680153470527,singlet,0.9760100999847054
TTATGAGATGATGC-1,Scrublet,0.11696658097686374,singlet,0.9760100999847054
TTCACCCTCTGGAT-1,Scrublet,0.05163711660411543,singlet,0.9760100999847054
TTCAGACTTGAGAA-1,Scrublet,0.06435137895812053,singlet,0.9760100999847054
TTCATTCTCTGATG-1,Scrublet,0.08078273958855996,singlet,0.9760100999847054
TTCCAAACCCTACC-1,Scrublet,0.07200748129675809,singlet,0.9760100999847054
TTCCATGAAGTCGT-1,Scrublet,0.0909418982316853,singlet,0.9760100999847054
TTCCCACTAGTGTC-1,Scrublet,0.06435137895812053,singlet,0.9760100999847054
TTCGAGGAGTGAGG-1,Scrublet,0.1549815498154982,singlet,0.9760100999847054
TTCGTATGGGACTT-1,Scrublet,0.046300832925036735,singlet,0.9760100999847054
TTCGTATGTTGCAG-1,Scrublet,0.13401087213424728,singlet,0.9760100999847054
TTCTGATGCTGTTT-1,Scrublet,0.11696658097686374,singlet,0.9760100999847054
TTGACACTCTAGCA-1,Scrublet,0.0909418982316853,singlet,0.9760100999847054
TTGACACTTTCTGT-1,Scrublet,0.06435137895812053,singlet,0.9760100999847054
TTGGGAACGCGTAT-1,Scrublet,0.06435137895812053,singlet,0.9760100999847054
TTGGTACTAGCGGA-1,Scrublet,0.07200748129675809,singlet,0.9760100999847054
TTTAGAGATACGCA-1,Scrublet,0.10284035259549462,singlet,0.9760100999847054
TTTGACTGTGGGAG-1,Scrublet,0.05761316872427982,singlet,0.9760100999847054
TTTGCATGCTCATT-1,Scrublet,0.11696658097686374,singlet,0.9760100999847054
TTTGCATGTTGTCT-1,Scrublet,0.10284035259549462,singlet,0.9760100999847054
